Name,Current H100 equivalents,Current power (MW),Current total capital cost (2025 USD billions),Owner,Users,Notes,Selected Sources,Calculations sheet,Project,Investors,Construction companies,Energy companies,Country,Address
Colossus 2,1389590.7023749368,1494,43.545359,SpaceXAI #confident,"SpaceXAI #confident, Cursor #confident, Anthropic #confident","Colossus 2 is the follow-up to Colossus 1. Like its predecessor, it is located in Memphis and was converted from an existing building. To start powering the data center, xAI made the unusual choice to install natural gas turbines across the border in Mississippi, possibly to get faster approval for their operation. We use a combination of satellite/aerial images and announcements to estimate the timeline and compute capacity of the data center.
","- [WSJ profile of the Colossus data centers](https://www.wsj.com/tech/elon-musk-xai-memphis-tennessee-power-dec4c70d) 
- [Final GPU count reported by Elon Musk](https://x.com/elonmusk/status/1947701807389515912)
- [MLGW update mentioning power requests for Colossus 2](https://www.mlgw.com/images/content/files/pdf/new/5-5-25%20xAI%20Update.pdf#page=4)
- [SpaceX-Cursor partnership to use Colossus](https://x.com/SpaceX/status/2046713419978453374)
- [Anthropic to use Colossus 2 from June 2026](https://x.com/nottombrown/status/2057194829986300375)
",https://docs.google.com/spreadsheets/d/1nqq5NxUw0dYX6vVdvc_AOo-ibOLU3i5LhXzSvJuO9VA/edit?usp=sharing,,,,,United States,"5420 Tulane Rd, Memphis, TN 38109"
Microsoft Fairwater Atlanta,742799.393633148,859,24.092952,Microsoft #confident,"OpenAI #likely, Microsoft #likely","Microsoft Fairwater Atlanta is a QTS-built data center with Microsoft as a tenant, and it likely provides training compute for OpenAI. We estimate the compute capacity primarily based on satellite and aerial imagery of the chillers, and disclosures that it contains NVIDIA GB200 GPUs.
","- [2023 Air Permit application](https://drive.google.com/file/d/1p7aY9syz319IcEuyukgIIvzmhTNKRS6p/view?usp=sharing) 
- [YouTube video with aerial views](https://www.youtube.com/watch?v=44eWesI-174) 
- [OpenAI article mentioning they use Microsoft's Fairwater supercomputers](https://openai.com/index/mrc-supercomputer-networking/)
- [Bloomberg article](https://www.bloomberg.com/news/features/2024-12-08/georgia-s-blackstone-backed-qts-data-center-hits-resistance-over-ai-power-needs)

",https://docs.google.com/spreadsheets/d/1XeruHu2ES3UsSrsAU3HSMkk5zwzFOQzxQE9pQ_fuEUw/edit?usp=sharing,Microsoft AI WAN #confident,,,Georgia Power,United States,"1435 Hwy 54 W, Fayetteville, GA 30214"
Anthropic-Amazon New Carlisle,687215.7655381506,1092,34.47262,Amazon #confident,Anthropic #confident,"Anthropic-Amazon New Carlisle is part of the Anthropic-Amazon Project Rainier collaboration. It is similar to other Amazon locations, forgoing most external cooling infrastructure in favor of direct air based cooling.
","- [Air Construction Permit application for the northern portion](https://drive.google.com/file/d/1BKiTFNUk2KDaUaiHG7fz0KlkNSBTHzbb/view?usp=sharing)
- [Backup diesel generator referenced in the permit](https://www.cat.com/en_US/products/new/power-systems/electric-power/diesel-generator-sets/117341.html)
- [Announcement of Project Rainier coming online](https://www.aboutamazon.com/news/aws/aws-project-rainier-ai-trainium-chips-compute-cluster)
- [Air permit for Buildings 19-32, suggesting expansion to 2.3 GW total facility power](https://t.co/HsAO7oyKa2)
",https://docs.google.com/spreadsheets/d/1umU-KLAB_6A-lKRCdLuF7SPv74HlqKjDdfDor1bRGuY/edit?usp=sharing,Project Rainier #confident,,,,United States,"55001 Larrison Blvd, New Carlisle, IN 46552"
Meta Prometheus,677109.6513390602,731,21.289684,Meta #confident,Meta #confident,"Meta Prometheus is unusual for its ad hoc construction, spanning the full length of New Albany Business Park. A combination of weatherproof tents, colocation facilities and Meta’s traditional data center buildings, this data center shows Meta’s pivot towards AI. Reflecting that patchwork, our analysis uses a combination of land use maps, natural gas turbine permitting, and satellite/aerial imagery of cooling equipment to estimate compute capacity.
","- [Meta blog post with details on Prometheus](https://engineering.fb.com/2025/09/29/data-infrastructure/metas-infrastructure-evolution-and-the-advent-of-ai/)
- [New Albany Business Park land use map](https://drive.google.com/file/d/1Wb_BBVOnhu5UCQ8Q5d6iRIG9K_vigD8A/view?usp=sharing)
- [Letter on Socrates South Power Generation Project](https://drive.google.com/file/d/1OMbFbdNGPmfSkwVWqOAK-5pOufiKQBu1/view?usp=sharing)
",https://docs.google.com/spreadsheets/d/1rL6xWR9h4JllErYT9U2TzoOMNxTNLcjUnIhV22bc4JQ/edit?usp=sharing,Prometheus #confident,,,"Williams,American Electric Power",United States,"1 Community Cir, New Albany, OH 43054"
OpenAI Stargate Abilene,510358.7670540677,590,15.948322,Oracle #confident,OpenAI #confident,"The Stargate data center campus in Abilene Texas is expected to host OpenAI's largest compute cluster from the second half of 2025 through 2026. This is the first of several sites in the Stargate project, spanning the US and the globe. We have a variety of sources to estimate the capacity of this data center, from company announcements, to permit documents, to satellite imagery of air-cooled chillers.
","- [Crusoe 2024 Impact Report, with details on Abilene](https://drive.google.com/file/d/1oHWA9vmpvFOh-LvDy5fgq_wq5ITuxd1r/view?usp=sharing)
- [Air Permit Application for buildings 1-2, featuring blueprints on p.157](https://drive.google.com/file/d/1FgfX6hqojlBtqNXJHjzJmnwWAMx4_M0b/view?usp=sharing)
- [Mortensen’s profile of the project, with details of substations](https://www.mortenson.com/projects/abilene-data-center-development)
",https://docs.google.com/spreadsheets/d/197BW-5tHutOzJ_LTv990eCO_M8nUXT2t1nl--UfMIUk/edit?usp=sharing,Stargate #confident,"Softbank,OpenAI,Oracle",Mortenson,American Electric Power,United States,"5502 Spinks Rd, Abilene, TX 79601"
QTS Richmond,492167.7614957049,854,23.10802,,,"QTS Richmond is a 15-building campus with an estimated total IT power over 650 MW. Construction on the first site began in 2022 and was accelerated significantly in 2024. QTS owns enough adjacent land to build two or three additional sites of the same size and has indicated to regulators that this could be a 1GW+ campus by 2030. However, further development of this area will require new power infrastructure to be built by the local grid operator, which is still in the permitting phase.
","- [Site 1 factsheet](https://qtsdatacenters.com/data-centers/richmond-1/)
- [Site 2 factsheet](https://qtsdatacenters.com/data-centers/richmond-1/)
- [Site 3 factsheet](https://q.com/data-centers/richmond-3/)
- [Environmental permit detailing power generation](https://www.deq.virginia.gov/home/showpublisheddocument/25650/638627871515730000)
",https://docs.google.com/spreadsheets/d/1G7JHID_drq-cWmCaILmdbzZhCnr124GNlJtRsXxpr_M/edit?usp=sharing,,,,Dominion Energy,United States,"6000 Technology Blvd, Sandston, VA 23150"
Microsoft Fairwater Wisconsin,445679.63617988885,442,13.978458,Microsoft #confident,"OpenAI #likely, Microsoft #likely","Microsoft Fairwater Wisconsin is the tech giant’s most powerful data center yet, and likely provides training compute for OpenAI. One building is operational, with a second partly built. An expansion with 9 buildings is underway in the northwest. A further 6 buildings are planned further north, but we exclude them as too speculative for now.
We estimated compute capacity based on disclosures from Microsoft, and permit applications showing the layout of server racks. The capacity of the 9-building expansion is more uncertain, as it is based on the relative sizing of the buildings and substations in architectural drawings (see this [calculation](https://docs.google.com/spreadsheets/d/1CRnOKjeb6z5VFPyeA7xaMrbppOD5dCS7TE20kvQyb8E/edit?gid=0#gid=0&range=B55)).
","- [Microsoft blog with engineering details](https://blogs.microsoft.com/blog/2025/09/18/inside-the-worlds-most-powerful-ai-datacenter/)
- [Microsoft blog with more general information](https://blogs.microsoft.com/on-the-issues/2025/09/18/made-in-wisconsin-the-worlds-most-powerful-ai-datacenter/)
- [Construction Permit Application for building 1](https://drive.google.com/file/d/1azyXnreQBuYEqX2oaSUgePDGCMneez5Z/view?usp=sharing)
- [Plan for 9-building and 6-building expansions](https://drive.google.com/file/d/1PQKzfauDNzabN7oNviMKTvsZmxlsUVpG/view?usp=sharing)
- [OpenAI article mentioning they use Microsoft's Fairwater supercomputers](https://openai.com/index/mrc-supercomputer-networking/)
",https://docs.google.com/spreadsheets/d/1CRnOKjeb6z5VFPyeA7xaMrbppOD5dCS7TE20kvQyb8E/edit?usp=sharing,Microsoft AI WAN #confident,,,WE Energies,United States,"4800 90th St, Mount Pleasant, WI 53403"
Google Pryor (North),308236.4830722587,454,14.319396,Google #confident,Google DeepMind #likely,"Dating back to 2007, Google Pryor serves a variety of uses, from [Google Workspace](https://support.google.com/a/answer/13190816?hl=en) to [machine learning](https://techcrunch.com/2022/05/11/google-launches-a-9-exaflop-cluster-of-cloud-tpu-v4-pods-into-public-preview/). Our analysis only considers those buildings completed since 2024, which are more likely to house modern AI compute. We estimate power capacity using our model of the cooling towers seen in satellite imagery. The compute capacity is derived from the power capacity, based on the energy efficiency of the best available Google TPU chips.
","- [Google announces expansion of Pryor facility](https://blog.google/inside-google/company-announcements/google-american-innovation-oklahoma/)
- [Google 2025 Environmental Report](https://sustainability.google/reports/google-2025-environmental-report/) with PUE and water use on pp.109-110
- [News of a 9 exaflop TPUv4 cluster in the Pryor data center, launched in 2022](https://techcrunch.com/2022/05/11/google-launches-a-9-exaflop-cluster-of-cloud-tpu-v4-pods-into-public-preview/)
",https://docs.google.com/spreadsheets/d/1t7cRs2OukCKSz88qEnyF7vlGWdgY5MpVOLcd79nFdnQ/edit?usp=sharing,,,,,United States,"4581 Webb St, Pryor, OK 74361"
DayOne Nusajaya,281455.280444669,336,9.09168,,,"The DayOne campus in Nusajaya Tech Park spans 13 buildings. We exclude the first three (Phase 1), because Phase 2 was reported to be the first in the region supporting ""large-scale AI computing"".  Power is estimated from a synthesis of DayOne-reported numbers and our cooling model. Compute is estimated from power based on AI chip stocks and energy efficiencies.
","- [News of Phase 2 operation](https://www.moomoo.com/news/post/41886329/support-ai-computing-deployment-gds-holdings-nusajaya-technology-park-datacenter?level=1&data_ticket=1778269491837872)
- [Archived DayOne website - ""120 MW in operation"" in Johor](https://web.archive.org/web/20241231165420/https://dayonedc.com/)
- [Archived DayOne website - 390 MW ""in service"" in Johor](https://web.archive.org/web/20260314134756/https://dayonedc.com/market/johor)
- [Financial Times report that Alibaba and ByteDance are training AI models in southeast Asia](https://www.ft.com/content/96fe9898-a3a4-4a33-be1d-da06bdb6cb2b)
",https://docs.google.com/spreadsheets/d/1Xu6B3gVZhKvkQ1U5gmXgOgoflyzpgOydm60SYn_lAWE/edit?usp=sharing,,,,,Malaysia,
Colossus 1,275795.85649317835,425.38,12.87988,SpaceXAI #confident,Anthropic #confident,"Colossus 1 was converted from a factory into a data center in 2024. Initially, Colossus 1 was powered by portable gas turbines and a small pre-existing substation. This infrastructure has since been replaced by two additional substations providing power from the local grid, with batteries providing backup power. 

Cooling for the building initially used a mix of cooling towers and portable air-cooled chillers, but enough cooling towers have now been installed to handle the full load.

In May 2026, Anthropic signed an agreement with SpaceX to use all of the compute capacity at Colossus 1.
","- [May 2025 Electricity Provider Disclosure](https://drive.google.com/file/d/17WAFThn95X85ebzA_e19R1zYycwFzAl2/view?usp=sharing)
- [July 2025 Permit for Gas Turbines](https://www.scribd.com/document/883601734/01156-01PC-070225-Permit)
- [Southern Environmental Law Center Gas Permit Appeal, with additional satellite images](https://cdn.arstechnica.net/wp-content/uploads/2025/07/NAACP-and-YGGs-xAI-Air-Permit-Appeal-7-15-2025.pdf)
- [Disclosure on X (formerly Twitter) by Elon Musk of the breakdown of GPUs](https://archive.is/oHQSA)
- [Anthropic announcement](https://www.anthropic.com/news/higher-limits-spacex)
",https://docs.google.com/spreadsheets/d/1aXs4vx7AMrzUIR3YeBvJRAD_rmDiioY9zR95DZdDa_s/edit?usp=sharing,,,,MLGW,United States,"3231 Riverport Rd, Memphis, TN 38109"
Google Columbus,215260.23244062657,364,11.478245999999999,Google #confident,Google Deepmind #likely,"Google Columbus is currently a 5-building campus in Ohio. Power capacity was estimated by factoring in both cooling as well as a permitting in the form of a [transmission line construction notice](https://www.aeptransmission.com/ohio/docs/Hartman%20Farms%20Extension%20No.%202%20138%20kV%20Transmission%20Line%20Project%20Construction%20Notice.pdf), which gives detailed breakdowns of current capacity and planned capacity. The compute capacity is based on this power capacity and the energy efficiency of Google TPU chips that are available when each building becomes operational.
","- [DCD article detailing early work beginning on the site ](https://www.datacenterdynamics.com/en/news/google-breaks-ground-on-columbus-ohio-data-center/)
- [Transmission line construction notice; details current site capacity, expansion, and maximum future site capacity ](https://www.aeptransmission.com/ohio/docs/Hartman%20Farms%20Extension%20No.%202%20138%20kV%20Transmission%20Line%20Project%20Construction%20Notice.pdf)
",https://docs.google.com/spreadsheets/d/1e-Nessugnu9NHs1G7p0jDvC1FcHmp_C7EUQDbVSaWZQ/edit?usp=sharing,,,,,United States,"5076 S High St, Columbus, OH 43207"
Amazon Madison Mega Site,214348.14354550533,341,10.758488,Amazon #confident,Anthropic #speculative,"Amazon's Madison Mega Site is similar to other Amazon locations, forgoing most external cooling infrastructure in favor of direct air based cooling. We believe it is plausibly part of the Anthropic-Amazon Project Rainier collaboration, based on the New York Times reporting that there’s at least one such data center in Mississippi, though Amazon's data center in Ridgeland is also there. Analysts at SemiAnalysis have indicated this data center is an Anthropic-Amazon collaboration.
","- [Air Construction Permit](https://drive.google.com/file/d/1lhSF8TBA7fNWsN4Onj-nfL7X_-BN573r/view?usp=sharing)
- [Backup diesel generator referenced in the permit](https://www.cat.com/en_US/products/new/power-systems/electric-power/diesel-generator-sets/117341.html)
- [New York Times article on Project Rainier](https://www.nytimes.com/2025/06/24/technology/amazon-ai-data-centers.html)
- [SemiAnalysis article with imagery of Canton they have labeled as being an Amazon-Anthropic collaboration](https://newsletter.semianalysis.com/p/amazons-ai-resurgence-aws-anthropics-multi-gigawatt-trainium-expansion)
",https://docs.google.com/spreadsheets/d/10asD982gArQ0CQTVo_v331kEx_vDnwhWAusaYo1zsto/edit?usp=sharing,Project Rainier #speculative,,,,United States,"Amazon Data Services Inc, Madison Mega Site Nissan Parkway and Highway 22 Canton, Mississippi Madison County"
Google New Albany,207175.3410813542,407,0,Google #confident,Google DeepMind #likely,"Google’s New Albany data center is one of several data centers in the New Albany Business Park. We only include the buildings added or modified since 2024, when AI-specific capacity is more likely. We estimate the compute capacity primarily based on satellite and aerial imagery of the cooling towers, which are similar to towers documented at Google’s Omaha site. 
","- [Draft basis of air permit for Google Omaha, a similar data center](https://drive.google.com/file/d/1KN7o-wQOyt1UEud8wpM8PymXJF479r0n/view?usp=sharing)
- Google’s [2025 Environmental Report](https://sustainability.google/reports/google-2025-environmental-report/)

",https://docs.google.com/spreadsheets/d/1BeBRnZIRIC0daw-VUJ4udbD0-TA_bnbIMOU_PHnCzzE/edit?usp=sharing,,,,,United States,"1101 Beech Rd SW, New Albany, OH 43054"
Microsoft Goodyear,205145.18579951796,263,7.652164000000001,Microsoft #confident,OpenAI #likely,"The Microsoft Goodyear campus spans six years of construction and operations. Most of its compute capacity comes from Building 3 and 4, which we believe house NVIDIA GB200 NVL72 servers based on the density of cooling equipment. SemiAnalysis [reported](https://newsletter.semianalysis.com/p/microsofts-ai-strategy-deconstructed) that this data center was intended for OpenAI use.

We estimate power capacity for Building 3 and 4 based on our air-cooled chiller model, and then calculate a power capacity for Building 2-3 based on the relative proportion of backup diesel generators. Compute capacity is based on the power capacity and the [availability](https://epoch.ai/data/ai-chip-sales) of different NVIDIA chips over time.
","- [Maricopa County map](https://gis.maricopa.gov/aqd/recordsviewer/#) showing PHX-10 and PHX-11 buildings owned by Microsoft
- [Dust control permit](https://edms.maricopa.gov/aq/api/Document/AQizTh7Ek3Odb1UYnAFQc%C3%81Z0k59aCsu4%C3%890gw6xcPqnhTfYtG7scD%C3%89BewWyX4qdzXFk%C3%81xL9%C3%89VthN71ODAxZuKKeU%3D/) for project titled ""MICROSOFT CORPORATION PHX10-11 DATA CENTER OFFSITE IMPROVEMENTS""
- [SemiAnalysis article](https://newsletter.semianalysis.com/p/microsofts-ai-strategy-deconstructed) that includes similar estimates and associates the data center with OpenAI
",https://docs.google.com/spreadsheets/d/12pVrAs40UMGZwxdJz5lyFlr-CATUwl4Im42BVDvi8-A/edit?usp=sharing,,,,,United States,"14250 W Broadway Rd, Goodyear, AZ 85338"
Meta Temple,173247.6719844078,198,5.758064,Meta #confident,Meta #confident,"Meta Temple is notable for a mid-flight change in construction. A traditional H-shaped Meta data center was partially built on the site by 2023, only to be demolished in favor of Meta's new AI-optimized data center design. The power capacity of the new design was reported by construction company JE Dunn, and is backed up by our cooling model. Later, a third data center building was added to the plan. Compute capacity assumes that NVIDIA GB300 NVL72 servers are used, as these are the most popular AI chips at the time.
","- [JE Dunn project page](https://jedunn.com/projects/meta-temple-data-center/) mentioning a 152 MW power capacity
- [TDLR filing](https://www.tdlr.texas.gov/TABS/Search/Project/TABS2022017728) reporting the start and end date, square footage of Building 1 and 2
- [TDLR filing](https://www.tdlr.texas.gov/TABS/Search/Project/TABS2026008019) for Building 3
",https://docs.google.com/spreadsheets/d/1SwdruUu3hHAs6hd0m3SvZY22bGBCO7-9aiLSCiJl6-k/edit?usp=sharing,,,JE Dunn,,United States,"2310 Eberhardt Rd, Temple, TX 76504"
Amazon Ridgeland,171478.51483640424,273,8.637096,Amazon #confident,Anthropic #speculative,"Amazon Ridgeland is similar to other Amazon locations, forgoing most external cooling infrastructure in favor of direct air based cooling. We believe it is plausibly part of the Anthropic-Amazon Project Rainier collaboration, based on the New York Times reporting that there’s at least one such data center in Mississippi, though Amazon's data center in Canton is also there.
","- [Air Construction Permit](https://drive.google.com/file/d/1dQ5Pxl7rQAHLvHoTYrpOX32WAolo46d7/view?usp=sharing)
- [Permit review document](https://drive.google.com/file/d/1myQ6BYqqzcfsWwv41tufHobvA8T3qo_d/view?usp=sharing)
- [Backup diesel generator referenced in the permit](https://www.cat.com/en_US/products/new/power-systems/electric-power/diesel-generator-sets/117341.html)
- [New York Times article on Project Rainier](https://www.nytimes.com/2025/06/24/technology/amazon-ai-data-centers.html)
",https://docs.google.com/spreadsheets/d/1WWWmkFubzXYb2RY9PZsF4BtrpmbmdcSJtVTw1kcJxVs/edit?usp=sharing,Project Rainier #speculative,,,Entergy,United States,"1626 County Line Road Ridgeland, Mississippi"
Microsoft Project Osmium,151591.71298635675,228,7.19758,Microsoft #confident,OpenAI #speculative,"Microsoft Project Osmium, which is now fully completed, is a 5-building campus located in Iowa. We believe only four of the buildings are used for AI, starting with the second completed building [containing ~25k A100s used by OpenAI to train GPT 3.5 (per SemiAnalysis reporting)](https://newsletter.semianalysis.com/p/microsofts-ai-strategy-deconstructed). Power capacity was derived from a SemiAnalysis figure from the [same report](https://newsletter.semianalysis.com/p/microsofts-ai-strategy-deconstructed), and was estimated as identical across buildings due to near-identical structures. Although one building has chillers, we don’t believe they cover full cooling capacity. Other cooling methods are likely used in addition. 
","- [SemiAnalysis article with IT power estimations and detailing usage by OpenAI for training GPT 3.5](https://newsletter.semianalysis.com/p/microsofts-ai-strategy-deconstructed)
- [DCD Article on site expansion](https://www.datacenterdynamics.com/en/news/microsoft-granted-permit-for-new-data-center-in-des-moines-iowa/)
- [MISO Announcement reporting power for newest buildings, likely an overestimate](https://cdn.misoenergy.org/NEW%20LOAD%20ANNOUNCEMENTS%20IN%20MISO%20REGIONS%2012062024684954.pdf)
- [Microsoft article on data centers in Iowa used by OpenAI](https://news.microsoft.com/source/features/ai/west-des-moines-iowa-ai-supercomputer/?msockid=23bbdd21a02166402e27c929a1a567ce)
",https://docs.google.com/spreadsheets/d/1GxpxdT_2dcvnvdmi2dybQfiwb0-XhzWf65i3QVI0FEA/edit?usp=sharing,,,,,United States,"5855 SW Kerry St, Cumming, IA 50061"
Google Omaha,135927.23597776654,284,8.978034,Google #confident,Google DeepMind #likely,"Google’s Omaha data center is their second in Nebraska, following a site in Papillion. We estimate its compute capacity primarily based on satellite and aerial imagery of the cooling towers, which are documented in a draft air permit.
","- [Draft basis of air permit with details of cooling towers](https://drive.google.com/file/d/1KN7o-wQOyt1UEud8wpM8PymXJF479r0n/view?usp=sharing)
- Google’s [2025 Environmental Report](https://sustainability.google/reports/google-2025-environmental-report/)
",https://docs.google.com/spreadsheets/d/15HrjYV6poybKwjXxHEBjj5VxdmYtA6oQ3FQGOXMCURg/edit?usp=sharing,,,,,United States,"11110 State St, Omaha, NE 68142"
Alibaba Zhangbei,132895.40171803941,203,6.402058,Alibaba #confident,Alibaba #likely,"Alibaba Zhangbei spans three adjacent sites, built from 2016 to 2025. It is part of China's ""Eastern Data Western Compute"" (东数西算) project launched in 2021. Zhangbei county is favorable for this project due to its abundant wind and solar power. We only track the power capacity added here since 2024, which is higher-density and more likely for AI workloads. The power capacity is based on the air-cooled chillers seen in satellite images. Compute capacity is mostly calculated from power, based on the estimated energy efficiency of leading hardware available in China.
","- [Sinocities blog on Eastern Data Western Compute sites](https://sinocities.substack.com/p/how-is-chinas-eastern-data-western)
- [News on the Chahar site, with an aerial photo](https://web.archive.org/web/20250712063836/https://www.cscec.com/xwzx_new/zqydt_new/202504/3867074.html)
- [Hebei government page with 3D renderings of the Miaotan North and Chahar sites](https://web.archive.org/web/20251205164722/https://gxt.hebei.gov.cn/main/portal/cylzsDetail?id=9c133225-aa96-4eb7-9906-00acc34ddbff)
- [Announcement of the Hebei Zhangbei Intelligent Computing Center](https://web.archive.org/web/20241217034700/https://zhidx.com/p/343866.html), part of this data center
",https://docs.google.com/spreadsheets/d/1XI_mLntv3fvNKhRWOUCAwFiYAvJRX0nqbzFWjx9OzU8/edit?usp=sharing,,,,,China,"Alibaba Zhangbei Yun Calculation Data Center, Zhangbei County, Zhangjiakou, Hebei, China, 076471"
CoreWeave Denton TX,126326.42748863062,183.4,4.962542,CoreWeave,,"This Denton datacenter, currently owned by Core Scientific and formerly a bitcoin mining facility, is currently being repurposed to run AI on CoreWeave's GPUs. The contract states 260 MW total dedicated for CoreWeave, which is scheduled to finish by ""Midyear 2026"".

Information was primarily pulled from quarterly reports, official Core Scientific articles, among other official stakeholder materials. Satellite imagery was also utilized, but wasn't given too much weight considering the datacenter is only partially contracted to CoreWeave, not the entire thing.
","- [Core Scientific - CoreWeave Announce 1.2B expansion in Denton, TX](https://investors.corescientific.com/news-events/press-releases/detail/110/core-scientific-and-coreweave-announce-1-2-billion-expansion-at-denton-tx-site)
- [Core Scientific - Denton Datacenter Official Site](https://corescientific.com/high-density-data-centers/denton-texas/)
- [TMF - Core Scientific Q4 2025 Earnings Transcript](https://www.fool.com/earnings/call-transcripts/2026/03/02/core-scientific-corz-q4-2025-earnings-transcript/)
",https://docs.google.com/spreadsheets/d/16CaT68tgyKFIbkv2VN-Z7nC5r6pszUKABfj9ZEmmFW8/edit?usp=sharing,,,,,United States,"8171 Jim Christal Rd, Denton, TX 76207"
Google The Dalles,110156.6447700859,185,5.8338280000000005,Google #confident,Google DeepMind #likely,"Google The Dalles is the only large Google data center known in Oregon. We include the buildings completed since 2025 (known as the ""3rd facility""), which are likely for AI workloads. While this site is moderately sized now, there is ample space for future expansion.
","- [Permit confirming this is a data center and the internal square footage](https://static1.squarespace.com/static/5e9a1686f716835e61268f2a/t/63659cb153e00407c9cd0bc9/1667603634454/SPR%2B512-22%2C%2BNOD%2C%2B10-31-22%2B%281%29.pdf)
- [Google PUE data listing the ""3rd facility"" from Q3 2025](https://datacenters.google/efficiency/)
",https://docs.google.com/spreadsheets/d/1QorhrBy3KrsVWe1SjTwguUclM7AxHAo6yFVuHHoTz4o/edit?usp=sharing,,,,,United States,"3500 River Rd, The Dalles, OR"
Google Council Bluffs (East),92470.94492167761,190,5.985356,Google #confident,Google DeepMind #likely,"Google Council Bluffs dates back to 2014, but our analysis focuses on the buildings added to the east since 2024, which are likely to have most of the AI compute. These buildings are similar to other Google data centers like New Albany and Omaha. We estimate the power capacity based on our cooling tower model. The compute capacity is based on this power capacity, and the energy efficiency of Google TPU chips that are available when each building becomes operational.
","- [Construction permit application form with site address](https://programs.iowadnr.gov/easyair/Public/EnSuite/Shared/Pages/Util/ServerRptViewer.aspx?sr=/IDNR/Reports/EASY/RPT_Construction_Application_A_GEN&SUBMISSION_RID=67330&SUB_FORM_RID=148293)
- [Construction permit application form with backup generator data](https://programs.iowadnr.gov/easyair/Public/EnSuite/Shared/Pages/Util/ServerRptViewer.aspx?sr=/IDNR/Reports/EASY/RPT_Construction_Application_E_EU&SUBMISSION_RID=67330&SUB_FORM_RID=148297) (believed to be for Building 3)
",https://docs.google.com/spreadsheets/d/1gO51W-JN3mA6M5_khuskC-YvSKB28Sls4CC6AzvAjgY/edit?usp=sharing,,,,,United States,"10410 Bunge Ave, Council Bluffs, IA 51503"
Google Storey County,89439.11066195049,214,6.0990020000000005,Google #confident,Google DeepMind #likely,"Google Storey County is one of the rare dry-cooled Google campuses, adapting to the water-scarce state of Nevada. Growing slowly since 2019, the campus is now planned to have four data center buildings.
","- [Air quality permit application listing emergency generators and a small ""R&D"" fuel cell plant](https://ndep-onbase.nv.gov/api/Document/AeFo%C3%89pjclbkomJ7CWpPryLOjA6FQT9HFrkSuMWbMXTpKCzSR%C3%81W1f8zzFhGhik1iZCcNSpuTRRqNXD1inrrpBxtA%3D/) (via [Aterio](https://www.aterio.io/))
- [Google data center page](https://datacenters.google/locations/storey-county-nevada/)
",https://docs.google.com/spreadsheets/d/1G4LHvXjqYJYYpOo473XZXuZ-8L2jurIcwVPfGGnuk14/edit?usp=sharing,,,,,United States,
Oracle Batam,84386.05356240526,94,2.7275039999999997,Oracle #likely,,"Oracle's campus in Batam, Indonesia is built and operated by DayOne, which has a large presence in Southeast Asia. We use the publicly-reported IT power of the facility (backed up by our cooling model). We then derive compute capacity from this power, assuming the campus is filled with the latest NVIDIA Blackwell servers.
","- [DayOne discloses a partnership with ""leading global tech company"" at their Batam campus](https://www.linkedin.com/posts/digitaltransformation-datacenter-ugcPost-7264614420276744194-aQSa/)
- [Oracle announces their Batam cloud compute region](https://docs.oracle.com/en-us/iaas/releasenotes/oci/new-region-batam.htm)
- [Oracle is later reported to be leasing DayOne data centers in Indonesia](https://www.datacenterdynamics.com/en/news/oracle-establishes-cloud-presence-in-indonesia/)
- [DayOne video stating 72 MW of IT power and NVIDIA partnership, and showing cooling tower fan movement](https://www.linkedin.com/posts/dayonedc-datacenter-batam-ugcPost-7450899048925986816-Wxqu/)
",https://docs.google.com/spreadsheets/d/1C4sc-3wUDCdAm9aKw8xC8xcCCnD4EdXEIM5azFZ4rR4/edit?usp=sharing,,,,,Indonesia,
Google Papillion,80343.60788276908,284,8.978034,Google #confident,Google DeepMind #likely,"Google’s Papillion data center is a 5 building buildout on a smaller 2019 Nebraska site. We estimate its compute capacity primarily based on satellite and aerial imagery of the cooling towers, which are documented in a draft air permit.
","- [Draft basis of air permit with details of cooling towers](https://drive.google.com/file/d/1nONzuLnpMPST0bOINDKXmSZ0ANlynYY0/view?usp=sharing)
- Google’s [2025 Environmental Report](https://sustainability.google/reports/google-2025-environmental-report/) Page 109.


",https://docs.google.com/spreadsheets/d/1iItXk1BYOcgskTYS6HL47s93smBhbPt0EJ7dLQ7nBkU/edit?usp=sharing,,Google,,,United States,"14651-15249 Gold Coast Rd 68138 Papillion Nebraska, USA"
Fluidstack Lake Mariner,71753.4108135422,68,2.197156,Fluidstack #confident,"Anthropic #likely, G42 #likely","Built on the shores of Lake Ontario at a former coal plant, the Terawulf-owned Lake Mariner campus serves a mix of crypto-mining and AI computing applications. We only track the AI buildings here. Buildings 1-2 (70 MW) are leased to G42 subsidiary Core42, while Buildings 3-5 (440 MW) are leased to Fluidstack. Our sources point to Fluidstack's buildings serving Google TPUs for Anthropic. We named this site after Fluidstack because it has leased the vast majority of the AI capacity.
","- [Terawulf press release with details of Core42 lease for Buildings 1-2](https://investors.terawulf.com/news-events/press-releases/detail/99/terawulf-to-deliver-over-70-mw-of-data-center)
- [Terawulf press release with details and timeline for Buildings 1-5](https://investors.terawulf.com/news-events/press-releases/detail/132/terawulf-reports-fourth-quarter-and-full-year-2025-results)
- [DCD article suggesting that Fluidstack will deploy Google TPUs at Lake Mariner](https://www.datacenterdynamics.com/en/news/google-offers-its-tpus-to-ai-cloud-providers-report/)
- [Announcement of Anthropic-Fluidstack partnership, including data center(s) in New York](https://www.anthropic.com/news/anthropic-invests-50-billion-in-american-ai-infrastructure)
",https://docs.google.com/spreadsheets/d/14qurnezCPHpRcYeAIBc8Y8UOiHDfTNR7hnI_jK9NR00/edit?usp=sharing,,Google,,,United States,"7725 Lake Rd, Barker, NY 14012"
Microsoft SAT40,64679.13087417888,106,2.84115,Microsoft #confident,,"Microsoft SAT40 is a data center campus located in San Antonio, Texas. SAT40 is the newest building on the site and the second building we believe is used for AI. Power capacity for the site was informed using satellite images and derived based on cooling equipment. Compute was estimated based on chip sales data and construction timelines.
","- [TDLR for SAT40 (Building 2)](https://www.tdlr.texas.gov/TABS/Search/Project/TABS2023013247)
- [TDLR for a set of three long buildings, which includes the first building we believe is for AI (Building 1)](https://www.tdlr.texas.gov/TABS/Search/Project/EABPRJB8824650)
",https://docs.google.com/spreadsheets/d/1wtryXxH9tEtc3gatXW1GmwtJzZB3uKkSD0Pw-RJBZnY/edit?usp=sharing,,,,,United States,"15000 Lambda Drive, San Antonio, TX 78245"
STACK Infrastructure NVA02,61141.99090449722,118,3.21997,,,"Stack Infrastructure NVA02 is a 10-building (6 for AI) data center campus, with a future IT power capacity of 350 MW for AI.
Construction began Q4 2019, with their non-AI buildings finishing by Q4 2022.
Construction ramped up in 2023, with the first high-density AI data center (containing two independent halls) becoming operational Q4 2024.
Their progress indicates a 2028 finish date for the six total AI data centers.
","- [Official website for NVA02, showcasing their project.](https://www.stackinfra.com/locations/americas/northern-virginia/nva02/)
- [Most recent official schematic of the NVA02 campus.](https://www.stackinfra.com/about/news-press/press-releases/stack-infrastructure-expands-northern-virginia-data-center-campus/)
- [Air quality permit from the state of Virginia.](https://www.deq.virginia.gov/home/showpublisheddocument/25966/638633868679100000)

",https://docs.google.com/spreadsheets/d/1VaMTR_IA8V30N7aa47QXt1VVLog_-LzLWSrGuFIGF8c/edit?usp=sharing,,,,,United States,"9590 Hornbaker Rd, Manassas, VA 20109"
Google Midlothian,56088.933804951994,82,2.613858,Google #confident,Google DeepMind #likely,"Google Midlothian Texas is one of Google's two campuses in the DFW area. This campus is nearing completion on the currently permitted area and likely have plans to continue expansion on the east side of the lot once other approvals are in place. Since the two square buildings were constructed in 2022 and haven't had visible retrofitting work done, we assume they are not for AI.
","- [Site Map and Permit](https://ecode360.com/MI6405/laws/LF1665983.pdf)
- [City Council Presentation](https://archive-stream.granicus.com/OnDemand/_definst_/mp4:swagitVideo/midlothiantx/eefcd9e0-4c12-41ba-986a-165a20124c72.mp4/playlist.m3u8)
",https://docs.google.com/spreadsheets/d/1ADFSAj5mK1gQhw0wQyQpWGZdLMClyqxkOb1WmUkqZiE/edit?usp=sharing,,,,,United States,"3250 Railport Parkway, Midlothian, TX 76065"
Google Red Oak,46791.30874178878,93,2.9169140000000002,Google #confident,Google DeepMind #likely,"Google Red Oak is one of two Google sites in the Dallas-Fort Worth area. The setup is somewhat unusual with one building using dry coolers and another using the evaporative cooling towers that are standard for Google. We are uncertain how to evaluate the capacity of the dry coolers, but based on the space for back-up generators we assume the same capacity as the first building.
","- [Media coverage confirming location, project name, investment size, and some timing](https://www.mysanantonio.com/business/article/google-texas-data-center-21236627.php)
- [Google PUE data listing the Red Oak site from Q1 2026](https://datacenters.google/efficiency/)
",https://docs.google.com/spreadsheets/d/1mFlyo-OPdoil5sYINqGkOUzBHXwZwga10kMsSId8tJA/edit?usp=sharing,,,,,United States,"330 Austin Blvd, Red Oak, TX 75154"
Stream Phoenix,46134.4113188479,77,2.424448,,,"Stream is a Phoenix-based 7-building campus, with 6 of its projected buildings set to be AI ready.
By 2030, they aim to serve 280 MW (220 MW for AI) of IT power  across the campus.

","- [Official page for the data center.](https://www.streamdatacenters.com/locations/phoenix/)
- [Official pre-construction planning document.](https://www.streamdatacenters.com/wp-content/uploads/2026/01/SDC-Goodyear-CaseStudy-251218.pdf)
",https://docs.google.com/spreadsheets/d/1SC63z3YKLbCg9XNmo2uIcuGxife8xhHqYTc_IyEuzk0/edit?usp=drive_link,,,,,United States,2950 S. Litchfield Road
Microsoft SAT14,45174.33046993431,66,1.7804540000000002,Microsoft #confident,,"Microsoft SAT14 is a fully completed 2-building campus located in San Antonio, Texas. Construction was split into four phases, as reported on TDLR. Power capacity for the site was informed using satellite images and derived based on cooling equipment. Compute was estimated based on chip sales data and construction timelines. 
","- [Phase 1 TDLR](https://www.tdlr.texas.gov/TABS/Search/Project/TABS2021019142)
- [Phase 2 TDLR](https://www.tdlr.texas.gov/TABS/Search/Project/TABS2021019471)
- [Phase 3 TDLR](https://www.tdlr.texas.gov/TABS/Search/Project/TABS2021019588)
- [Phase 4 TDLR](https://www.tdlr.texas.gov/TABS/Search/Project/TABS2021019686)
",https://docs.google.com/spreadsheets/d/1IqbFMekinpl1wfte8Nav6nUJMdeOq7tCHsRR7X8zV14/edit?usp=sharing,,,,,United States,"3545 Wiseman Boulevard, San Antonio, TX 78251"
Vantage TX1,38706.417382516425,44.8,1.212224,,,"Vantage’s TX1 campus is one of two known campuses in the San Antonio area. It is comprised of two buildings: Building TX11, which has already finished construction and is operational, and Building TX12, which has just started construction. Power capacity was determined based on capacity reported in construction permitting and supported by estimation from satellite images. Compute capacity was estimated assuming B200s will be used in both. Based on air quality permits for the site, a third building (TX13) has been planned as well, though there are no signs of construction. 

","- [Construction Permitting for TX11](https://www.tdlr.texas.gov/TABS/Search/Project/TABS2024007561)
- [Construction Permitting for TX12](https://www.tdlr.texas.gov/TABS/Search/Project/TABS2026001234)
- [Air quality permitting that references TX13](https://drive.google.com/file/d/1rbF-RT5Sq-iZ26hK5cKzbM2K4Vq2vObY/view?usp=sharing)
",https://docs.google.com/spreadsheets/d/1PA0eDftvbL8OQPbFyoGGPzBK_j1xEtYcZqs-cGOreVE/edit?usp=drivesdk,,,,,United States,"Goodyear, Arizona 85338"
Start Campus Sines Data Campus,31834.259727134915,40,1.2501060000000002,Nscale #confident,Microsoft #confident,"The Start Campus Sines data campus, of which the first building is SIN01, is a data center campus in Portugal. This [six building campus is reported to be completed in 2030, with an IT capacity of 1.2 GW](https://www.startcampus.pt/sines). As of right now, only one building has been completed with the second building beginning construction. This existing building is operational and being [used to support Microsoft.](https://lp.startcampus.pt/start-campus-hosts-eus-first-nvidia-gb300-chips-with-nscale-for-microsoft) 
","- [Website for the site](https://www.startcampus.pt/sines)
- [Factsheet for the full site](https://23712035.hs-sites.com/hubfs/SINES%20DC_1.2%20GW%20DC%20Campus_V2.pdf?hsCtaAttrib=194868835084)
- [Article detailing Microsoft collaboration and GPU amounts](https://lp.startcampus.pt/start-campus-hosts-eus-first-nvidia-gb300-chips-with-nscale-for-microsoft)
",https://docs.google.com/spreadsheets/d/1MiA7Ol7YZ7hnnn2rZM9JZqWMVJcHWvxZTX3oUby581U/edit?usp=sharing,,,,,Portugal,"Start Campus - Sustainable Data Center Services, Sines, Portugal"
Meta Hyperion,0,0,0,Meta #confident,Meta #confident,"Meta Hyperion is built on an enormous tract of land, more than three times the size of New York City’s Central Park. It is set to host Meta’s next flagship AI cluster after Prometheus. We estimate its compute capacity primarily based on an application by Entergy for three 752 MW gas turbines linked to the site, as well as plans for a new 1.8 GW substation by the grid operator MISO.
","- [Data center profile by Meta](https://datacenters.atmeta.com/richland-parish-data-center/)
- [Entergy's application for generation and transmission resources](https://drive.google.com/file/d/1FLY13apaHy4hI8RNVk9n_nlJpwFHtBrB/view?usp=sharing)
- [MISO update with 1.8 GW substation plan](https://drive.google.com/file/d/1D4eUHwEuirNi0g3IU_xGOti3PcC8fcXi/view?usp=sharing)
",https://docs.google.com/spreadsheets/d/1cyXcZ_jIsJDjuPKx6_J1scIWeq0-rfM3-2GcSKN4oA0/edit?usp=sharing,Hyperion #confident,,Mortenson,Entergy,United States,"Holly Ridge, LA 71269"
Goodnight,0,0,0,Google #speculative,Google DeepMind #speculative,"Crusoe's Goodnight data center is notable for a major mid-flight change in design. It was originally designed in 2024 for seven X-shaped buildings that closely mirror the first eight buildings of the OpenAI Stargate Abilene data center (also built by Crusoe). This was revised in 2025 to 6 buildings, with Buildings 3-6 using a simple rectangle shape.

Given the structural similarities to Abilene, it is plausible it is equipped with NVIDIA chips. Google is a potential user, based on reporting that Google is investing in a data center in Armstrong County.

Goodnight is a location near the data center, and it is used for naming in the tax abatement agreements we have inspected. However, the data center is actually located in the town of Claude, Texas. 
","- [Amended tax abatement agreement, with updated blueprints on p.46](https://www.co.armstrong.tx.us/upload/page/5361/Amended_Restated_Consolidated%20Second%20Property%20Tax%20Abatement%20Agreement%20%20GNDC1_ArmstrongCounty.pdf)
- [Original tax abatement agreement, with original blueprints and specs on the last page](https://drive.google.com/file/d/1ky5HhuhU8_JADNB2GziWa4WDRbTU4qtO/view?usp=sharing)
- [TABS database, with ""Llano"" data centers in the city of Claude](https://www.tdlr.texas.gov/TABS/Search/)
- [Press release reports Google investing in a new data center in Armstrong County](https://www.reuters.com/business/google-invest-40-billion-new-data-centers-texas-bloomberg-news-reports-2025-11-14/)
",https://docs.google.com/spreadsheets/d/1NE3R883YwdkSNVCbVJfy5nMCDy99eNA1wRdwikcJYWk/edit?usp=sharing,,,"Crusoe,Hoffman",Serena,United States,"10001 Lima Rd, Claude, TX 79019"
OpenAI Stargate UAE,0,0,0,G42 #likely,OpenAI #confident,"The Stargate data center campus in Abu Dhabi, United Arab Emirates, is the first non-US Stargate cluster announced by OpenAI. We estimate power capacity based on company announcements and the scale of buildings in satellite imagery, and also use that imagery to estimate the construction timeline. Compute capacity is based on reported export agreements with the US, which suggest that G42 and/or Oracle can acquire 100,000 state-of-the-art NVIDIA chips each year.
","- [News update with timelapse of construction](https://www.khaleejtimes.com/uae/stargate-uae-phase-1-in-two-years)
- [Announcement of the (separate) 100 MW Khazna Ajman data center](https://khaznadatacenters.com/press-release/khazna-announces-the-uaes-first-ai-optimized-data-center-and-the-largest-in-its-portfolio-powering-the-nations-drive-toward-ai-leadership/), which started earlier and has a similar design to the Stargate buildings.
- [News about the US approval of NVIDIA chips in the UAE](https://www.bloomberg.com/news/articles/2025-10-09/us-approves-several-billion-dollars-of-nvidia-nvda-ai-chip-sales-to-uae)
",https://docs.google.com/spreadsheets/d/11es1WqQ3StAuMjFOYQ1wzq6YpwQCb-Uz996EvZpnsAs/edit?usp=sharing,Stargate #confident,"Softbank,Oracle,NVIDIA,Cisco,G42",,,United Arab Emirates,"Nexus L&T Project Office, Al Bihouth, Al Dhafrah, Abu Dhabi, United Arab Emirates"
Coreweave Helios,0,0,0,Coreweave #confident,Microsoft #speculative,"Helios is retrofitted from a former crypto-mining facility owned and operated by Galaxy. Now in the AI infrastructure business, Galaxy is expanding the site. Galaxy plans to [lease](https://investor.galaxy.com/news/news-details/2025/Galaxy-Announces-Third-Quarter-2025-Financial-Results/default.aspx) its approved 800 MW of capacity to AI neo-cloud Coreweave. An additional 2.7 GW of capacity is under study, but even if that happens, it is not planned to be operational before 2029. We report the power capacity based on Galaxy's reports, which roughly match permit documents and our cooling model. Compute is estimated based on power capacity and the server rack density reported by Galaxy.
","- [Galaxy Q3 financial results with power capacity timeline](https://investor.galaxy.com/news/news-details/2025/Galaxy-Announces-Third-Quarter-2025-Financial-Results/default.aspx)
- [Permit review with details on backup generators and power capacity](https://records.tceq.texas.gov/cs/idcplg?IdcService=TCEQ_EXTERNAL_SEARCH_GET_FILE&dID=8711478&Rendition=Web#:~:text=Galaxy%20Helios%20I%20LLC%20owns,are%20the%20basis%20of%20the)
- [3D renderings of Helios Building 1 on Galaxy's website, showing generators and chillers](https://www.galaxy.com/data-centers)
- [TDLR record with Building 1 construction costs and end date](https://www.tdlr.texas.gov/TABS/Search/Project/TABS2025012175)
",https://docs.google.com/spreadsheets/d/1qcYPDCBHZOg0EKGpK7Ru4-cGd8Y8BkXAxf2W3umOwmo/edit?usp=sharing,,,,,United States,"984 County Road 112, Afton, TX 79920"
Google Cedar Rapids,0,0,0,Google #confident,Google DeepMind #likely,"Google's Cedar Rapids data center is similar to earlier Google data centers like New Albany and Omaha. Curiously, permitting suggests it will use more than twice as many cooling towers per building as those data centers, but most of the evidence suggests that the power capacity per building is largely unchanged.
","- [MISO new load announcements](https://cdn.misoenergy.org/NEW%20LOAD%20ANNOUNCEMENTS%20IN%20MISO%20REGIONS%2012062024684954.pdf), featuring 600 MW for Google in Cedar Rapids
- [Permit application](https://www.govonlinesaas.com/LCPH/EasyAir/Public/EnSuite/Shared/Pages/util/StreamDoc.ashx?id=260&type=attachment) detailing the number of buildings, cooling towers, and backup generators.
",https://docs.google.com/spreadsheets/d/1kMXSC-Mq5JssInyHbsje1_KYiFDszSq-8KHL1-3MOzw/edit?usp=sharing,,,,,United States,"5800 EDGEWOOD RD SW CEDAR RAPIDS, IA 52404"
QTS Cedar Rapids,0,0,0,,,"QTS Cedar Rapids sits alongside a Google data center in Big Cedar Industrial Center. It is divided into two phases which are expected to  be completed in late 2026 and late 2027. We estimate its power capacity based on satellite images and 3D renderings of the air-cooled chillers lining each building. The compute capacity is based on this power capacity and the assumption that the best available NVIDIA AI servers will be used for each phase. The estimated power for phase 1 is consistent with a 616 MW load request for a QTS shell company in Cedar Rapids. However, the total capacity across both phases is more than double that, suggesting that QTS will need to acquire more power by 2027 to fulfil their plan.
","- [MISO new load announcements](https://cdn.misoenergy.org/NEW%20LOAD%20ANNOUNCEMENTS%20IN%20MISO%20REGIONS%2012062024684954.pdf), including 616 MW in Cedar Rapids for a ""Shell Corp"" called SNA LLC.
- [Article by The Gazette](https://www.thegazette.com/business/fast-start-to-cedar-rapids-data-center-projects/) featuring a rendering of Building 2 and 3.
- [Article by Corridor Business Journal ](https://corridorbusiness.com/scope-of-qts-data-project-in-cedar-rapids-continuing-to-grow/)featuring a rendering of Buildings 1-3.
- [Post by GLD Commercial ](https://www.gldcommercial.com/google-and-qts-data/)featuring a map with land assigned to QTS in Big Cedar Industrial Center.
",https://docs.google.com/spreadsheets/d/1zXqoogyqGbmgvdu4vSTepZG3Cy8kMoJjp0n3KaZPkd4/edit?usp=sharing,,,,Alliant Energy,United States,"6200 76th Ave SW, Fairfax, IA 52228"
OpenAI Stargate Shackelford,0,0,0,Oracle #confident,OpenAI #confident,"Stargate Shackelford is the second US site in the Stargate project led by OpenAI, Oracle and Softbank. Just 20km from the original Abilene site, this site is developed by data center colocation company Vantage, who refers to it as ""Frontier"". In September 2025, OpenAI announced a site in Shackelford County, Texas, and Vantage later confirmed their data center is part of Stargate.

The date that this campus reaches full capacity is speculative. However, Vantage states the planned capacity on their website, along with the delivery date of the first building in late 2026. We estimate compute capacity based on the best NVIDIA AI servers expected to be available as each building comes online.
","- [Vantage data center page with power capacity, number of buildings, and first building timeline](https://vantage-dc.com/data-center-locations/north-america/shackelford-county-tx)
- [OpenAI Stargate expansion announcement mentioning Shackelford site](https://openai.com/index/five-new-stargate-sites/)
- [Vantage LinkedIn post connecting the data center to OpenAI Stargate](https://web.archive.org/web/20260226203340/https://www.linkedin.com/posts/vantage-data-centers_ai-digitalinfrastructure-stargate-activity-7405254667062124544-FOcd/?rcm=ACoAAAmuuF4BvsgagH4Z8-Z8-0LaBPPY6467cAs)
",https://docs.google.com/spreadsheets/d/13BiLKveH7pjsXRUAbfZsLUvjEzwRT-PVn79UDE69ofM/edit?usp=sharing,Stargate #confident,"Oracle,OpenAI",,,United States,"175 Private Road 1604, Abilene, TX 79601, Shackelford County"
Google Fort Wayne,0,0,0,Google #confident,Google DeepMind #likely,"Google Fort Wayne will be a five-building campus likely designed to house current and next-gen TPUs. The campus is also notable for being one of the first sites to use the new Google building design, which is larger and has more cooling infrastructure. (There is also the 'H' building which we haven't seen before, but we don't think it's for AI compute.) We estimate that when it's completed in 2028, it will consume approximately 1 GW of total facility power and produce 1.2 million H100-equivalents' worth of compute.
","- [Google's plans for wetlands in Fort Wayne](https://www.thelocalfw.com/what-to-know-about-googles-plans-for-wetlands-in-fort-wayne/)
- [Data center's diesel generators](https://www.thelocalfw.com/data-center-diesel-generators/)
- [Project's history and tax abatement](https://www.thelocalfw.com/data-centers-secrecy-and-tax-abatements/)
- [City Council approval](https://citycouncildocuments.acfw.net/documents/download/2023-12-19/R-23-12-02.pdf)
",https://docs.google.com/spreadsheets/d/10-rVasOykSTFojmMX9PbVCfFyM2j9U2JgT0fbYXpkh0/edit?usp=sharing,Project Zodiac,Google,,,United States,"6015 Adams Center Road, Fort Wayne, IN 46806"
Crusoe Abilene Expansion,0,0,0,Microsoft #confident,Microsoft #likely,"Built by Crusoe and originally planned as an expansion to Stargate Abilene for OpenAI and Oracle, this site reportedly now has interest from NVIDIA and Meta but was ultimately acquired by Microsoft. 
","- [Bloomberg reporting that Oracle and OpenAI pulled out of expanding to these buildings, NVIDIA and Meta might replace them](https://www.bloomberg.com/news/articles/2026-03-06/oracle-and-openai-end-plans-to-expand-flagship-data-center)
- [Air Permit Application for the buildings, featuring blueprints on p.391](https://www.tceq.texas.gov/assets/public/permitting/air/reports/applications/400428-ac.pdf) (via [Aterio](https://www.aterio.io/blog/stargate-files-for-phase-3-expansion-in-abilene))
- [Partnership Announcement with Microsoft](https://x.com/mustafasuleyman/status/2037547756320141587)

",https://docs.google.com/spreadsheets/d/1FpTJoXhLRzKTX8S3kSnPlT8V66ad_htJPuvaYPiHAsE/edit?usp=sharing,,NVIDIA,,,United States,"5502 Spinks Rd, Abilene, TX 79601"
OpenAI Stargate Lordstown,0,0,0,Softbank #confident,OpenAI #confident,"The Stargate data center campus in Lordstown, Ohio is one of a set of 5 Stargate sites that were [announced in tandem](https://openai.com/index/five-new-stargate-sites/). Current permitting shows plans to retrofit and expand a former General Motors, now Foxconn plant at the site to manufacture data center-related equipment like NVIDIA servers. 

We have not seen visual evidence of large data center construction, but we believe there will be a relatively small data center here based on the announcement and subsequent [reporting](https://www.wfmj.com/archives/data-center-to-occupy-small-part-of-lordstown-ai-hub-feature-advanced-design/article_533f268a-ec1d-5378-9ccb-ceec7d6d343e.html). The capacity of the data center will probably be no more than 0.3 GW, because the announcement stated that the Milam County and Ohio sites could scale to 1.5 GW (combined) by 2027, and the former is planned for 1.2 GW.
","- [Announcement of 5 new Stargate sites mentioning Lordstown](https://www.datacenterdynamics.com/en/news/openai-announces-five-more-us-stargate-data-centers-with-oracle-and-softbank/)
- [Water Quality Permitting stating that “manufacturing and assembly” is the main purpose of the construction](https://drive.google.com/file/d/1VfWvb9unUXZs3u4zwBjZjQwtsu91y8i9/view?usp=drivesdk)
- [Stormwater Permitting](https://drive.google.com/file/d/1xl4Ql2jdmKhcYFhn43ymM2TJ56Z8cInL/view?usp=drivesdk)
",https://docs.google.com/spreadsheets/d/1uWCFpC5r9GEYqFaEhgB2bDqXOLvizvIUhDEdIg_XC5E/edit?usp=sharing,Stargate #confident,,,,United States,"2300 Hallock Young Rd, Warren, OH 44481"
OpenAI Stargate New Mexico,0,0,0,Oracle #confident,OpenAI #confident,"The Stargate site in New Mexico (Dona Ana), also known as Project Jupiter, is one of a set of 5 Stargate sites that were [announced in tandem](https://openai.com/index/five-new-stargate-sites/). Stormwater permitting documents list a project end date of 2027-12-31, but based on construction progress and the timeline of other Stargate sites, we estimate 2028-12-31. This data center campus will be powered by two microgrids. Air quality permitting pertaining to these two microgrids was used to determine the planned capacity of the campus. 
","- [Project Jupiter Website](https://projectjupitertogether.com/)
- [Stormwater Permitting](https://drive.google.com/file/d/1vVKvPogq2TkeFn7ibnp0GNqz8aB4tZXz/view?usp=sharing)
- [West Microgrid Permitting](https://drive.google.com/file/d/1zO6mGU6lOoDpU5vilRSa7x9_6n6j_deK/view?usp=drivesdk)
- [East Microgrid Permitting](https://drive.google.com/file/d/186WXWRfH49_SpaTCi_u_uDZ4rwzPyAtd/view?usp=drivesdk)
",https://docs.google.com/spreadsheets/d/1Dd2oXxg3tdBebaWOW-qSj1U1-HZ9zM9LkXseTayWhBM/edit?usp=sharing,Stargate #confident,,,,United States,
OpenAI Stargate Wisconsin,0,0,0,Oracle #confident,OpenAI #confident,"The Stargate site in Port Washington, Wisconsin is one of a set of 5 Stargate sites that were [announced in tandem](https://openai.com/index/five-new-stargate-sites/). The developer of this site is Vantage, and they state the planned IT load, power density, and other features of the campus on their website. We estimate the date at which the full site is operational based on the environmental analysis filed, which splits the site into two projects. Project 1, which is the first 3 buildings, has a planned completion date of Q3 2028. Project 2, which is the last building, has a planned completion date of Q4 2028. 

","- [Data center page on Vantage website](https://vantage-dc.com/data-center-locations/north-america/port-washington-wisconsin)
- [Environmental Analysis Summary](https://drive.google.com/file/d/1ft2ZzqAYZtsTqMwyML4eo_EFYuclVxE6/view?usp=sharing)
",https://docs.google.com/spreadsheets/d/1fjTxXhhaiFa7x1YBAAa7d2CcUrnSLGNJYOTd6o3xd04/edit?usp=sharing,Stargate #confident,,,,United States,
OpenAI Stargate Michigan,0,0,0,Oracle #confident,OpenAI #confident,"The Stargate site in Saline, Michigan is one of a set of 5 Stargate sites that were [announced in tandem](https://openai.com/index/five-new-stargate-sites/). The developer is Related Digital (which has this project on their website). To estimate the date at which the campus reaches full capacity, we used the date where DTE Energy is expected to ramp up to full capacity, which is reported in permitting. The planned capacity of the site has been reported in various sources, including reports from the Michigan Public Service Commission. 
","- [Related Digital website for this site ](https://www.related-digital.com/michigan)
- [Michigan Public Service Commission Energy Contract Approval, reports 1,383 MW as the site capacity](https://www.michigan.gov/mpsc/commission/news-releases/2025/12/18/mpsc-approves-dte-electric-energy-contracts-for-data-center)
- [Air Permitting, calls the site Project Mitten, includes site map](https://drive.google.com/file/d/16ZucHKYmld7dLApSXNtbknOyagSn5E-r/view?usp=sharing)
- [DTE Electric’s contract approval ](https://mi-psc.my.site.com/sfc/servlet.shepherd/version/download/068cs00001MH71XAAT)
",https://docs.google.com/spreadsheets/d/1uqn1l4aQCjT8E7JUmLsT6CrE3PtjajDL19Sj6xw2qg8/edit?usp=sharing,Stargate #confident,,,,United States,
OpenAI Stargate Milam,0,0,0,Softbank #confident,OpenAI #confident,"The Stargate site in Milam County is one of a set of 5 Stargate sites that were [announced in tandem](https://openai.com/index/five-new-stargate-sites/). The date that this campus reaches full capacity is currently speculative. However, the planned capacity of the site has been stated by SB Energy, which will provide power for the site. [Regulatory filings on TDLR ](https://www.tdlr.texas.gov/TABS/Search/Project/TABS2026017746)indicate that the first building of the site will be completed October 2026.
","- [Data Center Dynamics article on the site](https://www.datacenterdynamics.com/en/news/softbanks-sb-energy-to-build-and-operate-openais-12gw-stargate-data-center-in-milam-county-texas/)
- [SB Energy article, source for 1.2 GW capacity ](https://sbenergy.com/openai-and-softbank-group-partner-with-sb-energy/)
- [TDLR page for the first building of the site, indicating construction completion date](https://www.tdlr.texas.gov/TABS/Search/Project/TABS2026017746)
",https://docs.google.com/spreadsheets/d/1Ngd8mud1gHPmwamHYb7VhfYMZLiS9hfjMlHxdsu6d28/edit?usp=sharing,Stargate #confident,,,,United States,
Meta Kuna,0,0,0,Meta #confident,Meta #confident,"This Idaho site shares its AI-ready design with [Meta Temple](https://epoch.ai/data/data-centers/satellite-explorer/MetaTemple). Two buildings are planned to start use in summer 2026. While Meta has not publicly announced expansion plans, construction and solar offsets suggest an expansion completed around late 2027.

","- [Official Pamphlet from Meta](https://datacenters.atmeta.com/wp-content/uploads/2025/02/Meta_s-Kuna-Data-Center.pdf)
- [Application for Power Purchase Agreement, Pleasant Valley Solar 1 ](https://puc.idaho.gov/Fileroom/PublicFiles/ELEC/IPC/IPCE2229/CaseFiles/20221114Application.pdf)
- [Application for Power Purchase Agreement, Pleasant Valley Solar 2](https://lf-puc.idaho.gov/WebLink/DocView.aspx?dbid=0&id=73294)
- [Approval to move start date of Solar 2 to May 31, 2026](https://puc.idaho.gov/Fileroom/PublicFiles/ELEC/IPC/IPCE2420/OrdNotc/20240913Final_Order_No_36322.pdf) and [staff comments](https://lf-puc.idaho.gov/WebLink/DocView.aspx?dbid=0&id=135751)
- [Notice of Application for 3rd PPA (Blacks Creek Energy Center)](https://puc.idaho.gov/Fileroom/PublicFiles/ELEC/IPC/IPCE2442/OrdNotc/20241210Notice_of_Application_Order_No_36419.pdf)
- [Idaho Statesman: Peak construction reached in March 2025](https://www.idahostatesman.com/news/business/article304464416.html)
- [Idaho Statesman: Expected water usage reported in 2022](https://www.idahostatesman.com/opinion/from-the-opinion-editor/article259250030.html)
",https://docs.google.com/spreadsheets/d/1I4oCviRN5Es3njqhSlm3WD7Hxfitb29eVJEGOaTbiTc/edit?usp=sharing,,,,Idaho Power Company,United States,"601 Kuna Mora Rd,  Kuna ID 83634"
Google Kansas City East,0,0,0,Google #confident,Google Deepmind #likely,"Google Kansas City East is located in Missouri, and has similarities with other Google data centers like Omaha and Columbus. Currently, there is construction evidence of four buildings at the site. We estimate power capacity using satellite imagery of cooling towers. The compute capacity is based on power capacity and the energy efficiency of Google TPU chips that are available when each building becomes operational. 
","- [Hunt Midwest Business Center press release linking data center with Google](https://huntmidwest.com/2024/03/google-announces-1-billion-data-center-at-hunt-midwest-business-center/)
- [DCD article on the site](https://www.datacenterdynamics.com/en/news/google-files-project-plan-for-data-center-in-kansas-city-missouri/)
",https://docs.google.com/spreadsheets/d/1CKYzvfMSEIM4PvLeBIbbkFRRknMyq1w-BJAfTs2yWxQ/edit?usp=sharing,,,,,United States,
